source_group,url
all,https://msk.etagi.com/realty/?seller%5B%5D=owner
studio,https://msk.etagi.com/realty/?seller%5B%5D=owner&studio%5B%5D=true&rooms%5B%5D=true
1k,https://msk.etagi.com/realty/?seller%5B%5D=owner&rooms%5B%5D=1
2k,https://msk.etagi.com/realty/?seller%5B%5D=owner&rooms%5B%5D=2
3k,https://msk.etagi.com/realty/?seller%5B%5D=owner&rooms%5B%5D=3
4k,https://msk.etagi.com/realty/?seller%5B%5D=owner&rooms%5B%5D=%3E4
all-akademicheskaya,https://msk.etagi.com/realty/?seller%5B%5D=owner&district_id%5B%5D=3761
all-alekseevskii,https://msk.etagi.com/realty/?seller%5B%5D=owner&district_id%5B%5D=3762
all-altyfvevskii,https://msk.etagi.com/realty/?seller%5B%5D=owner&district_id%5B%5D=3763
all-arbat,https://msk.etagi.com/realty/?seller%5B%5D=owner&district_id%5B%5D=3764
all-aeroport,https://msk.etagi.com/realty/?seller%5B%5D=owner&district_id%5B%5D=3765
all-babushkinskii,https://msk.etagi.com/realty/?seller%5B%5D=owner&district_id%5B%5D=3766
all-basmannyi,https://msk.etagi.com/realty/?seller%5B%5D=owner&district_id%5B%5D=3767
all-begovoi,https://msk.etagi.com/realty/?seller%5B%5D=owner&district_id%5B%5D=3768
all-beskudnikovskii,https://msk.etagi.com/realty/?seller%5B%5D=owner&district_id%5B%5D=3769
all-bibirevo,https://msk.etagi.com/realty/?seller%5B%5D=owner&district_id%5B%5D=3770
all-biryulevo-vostok,https://msk.etagi.com/realty/?seller%5B%5D=owner&district_id%5B%5D=3771
all-biryulevo-zapad,https://msk.etagi.com/realty/?seller%5B%5D=owner&district_id%5B%5D=3772
all-bogorodskoe,https://msk.etagi.com/realty/?seller%5B%5D=owner&district_id%5B%5D=3773
all-brateevo,https://msk.etagi.com/realty/?seller%5B%5D=owner&district_id%5B%5D=3774
all-butyrskii,https://msk.etagi.com/realty/?seller%5B%5D=owner&district_id%5B%5D=3775
all-veshnyaki,https://msk.etagi.com/realty/?seller%5B%5D=owner&district_id%5B%5D=3776
all-vnukovo,https://msk.etagi.com/realty/?seller%5B%5D=owner&district_id%5B%5D=3777
all-voikovskii,https://msk.etagi.com/realty/?seller%5B%5D=owner&district_id%5B%5D=3779
all-vostochnoe-degunino,https://msk.etagi.com/realty/?seller%5B%5D=owner&district_id%5B%5D=4043
all-vostochnoe-izmailovo,https://msk.etagi.com/realty/?seller%5B%5D=owner&district_id%5B%5D=3780
all-vostochnii,https://msk.etagi.com/realty/?seller%5B%5D=owner&district_id%5B%5D=3781
all-vyhino-zhulebino,https://msk.etagi.com/realty/?seller%5B%5D=owner&district_id%5B%5D=3782
all-gagarinskii,https://msk.etagi.com/realty/?seller%5B%5D=owner&district_id%5B%5D=3783
all-golovinskii,https://msk.etagi.com/realty/?seller%5B%5D=owner&district_id%5B%5D=3784
all-golyanovo,https://msk.etagi.com/realty/?seller%5B%5D=owner&district_id%5B%5D=3785
all-danilovskii,https://msk.etagi.com/realty/?seller%5B%5D=owner&district_id%5B%5D=3786
all-dmitrovskii,https://msk.etagi.com/realty/?seller%5B%5D=owner&district_id%5B%5D=3787
all-donskoi,https://msk.etagi.com/realty/?seller%5B%5D=owner&district_id%5B%5D=3810
all-dorogomilovo,https://msk.etagi.com/realty/?seller%5B%5D=owner&district_id%5B%5D=3811
all-zamoskvorechie,https://msk.etagi.com/realty/?seller%5B%5D=owner&district_id%5B%5D=3812
all-zuzino,https://msk.etagi.com/realty/?seller%5B%5D=owner&district_id%5B%5D=3814
all-zyablikovo,https://msk.etagi.com/realty/?seller%5B%5D=owner&district_id%5B%5D=3816
all-ivanovskoe,https://msk.etagi.com/realty/?seller%5B%5D=owner&district_id%5B%5D=3817
all-izmailovo,https://msk.etagi.com/realty/?seller%5B%5D=owner&district_id%5B%5D=3818
all-kapotnya,https://msk.etagi.com/realty/?seller%5B%5D=owner&district_id%5B%5D=3819
all-konkovo,https://msk.etagi.com/realty/?seller%5B%5D=owner&district_id%5B%5D=3820
all-koptevo,https://msk.etagi.com/realty/?seller%5B%5D=owner&district_id%5B%5D=3837
all-kosino-ukhtomskii,https://msk.etagi.com/realty/?seller%5B%5D=owner&district_id%5B%5D=3872
all-kotlovka,https://msk.etagi.com/realty/?seller%5B%5D=owner&district_id%5B%5D=3881
all-krylatskoe,https://msk.etagi.com/realty/?seller%5B%5D=owner&district_id%5B%5D=3882
all-krukovo,https://msk.etagi.com/realty/?seller%5B%5D=owner&district_id%5B%5D=3883
all-kuzminki,https://msk.etagi.com/realty/?seller%5B%5D=owner&district_id%5B%5D=3884
all-kuncevo,https://msk.etagi.com/realty/?seller%5B%5D=owner&district_id%5B%5D=3961
all-kurkino,https://msk.etagi.com/realty/?seller%5B%5D=owner&district_id%5B%5D=3939
all-lefortovo,https://msk.etagi.com/realty/?seller%5B%5D=owner&district_id%5B%5D=3873
all-lianozovo,https://msk.etagi.com/realty/?seller%5B%5D=owner&district_id%5B%5D=3874
all-lomonosovskii,https://msk.etagi.com/realty/?seller%5B%5D=owner&district_id%5B%5D=3875
all-losinoostrovskii,https://msk.etagi.com/realty/?seller%5B%5D=owner&district_id%5B%5D=3876
all-lyublino,https://msk.etagi.com/realty/?seller%5B%5D=owner&district_id%5B%5D=3880
all-marfino,https://msk.etagi.com/realty/?seller%5B%5D=owner&district_id%5B%5D=3921
all-marina-roshcha,https://msk.etagi.com/realty/?seller%5B%5D=owner&district_id%5B%5D=3922
all-maryino,https://msk.etagi.com/realty/?seller%5B%5D=owner&district_id%5B%5D=3923
all-metro-gorodok,https://msk.etagi.com/realty/?seller%5B%5D=owner&district_id%5B%5D=3878
all-meshchanskii,https://msk.etagi.com/realty/?seller%5B%5D=owner&district_id%5B%5D=3925
all-mitino,https://msk.etagi.com/realty/?seller%5B%5D=owner&district_id%5B%5D=3926
all-mozhaiskii,https://msk.etagi.com/realty/?seller%5B%5D=owner&district_id%5B%5D=4031
all-moskvorechie-saburovo,https://msk.etagi.com/realty/?seller%5B%5D=owner&district_id%5B%5D=3927
all-nagatino-sadovniki,https://msk.etagi.com/realty/?seller%5B%5D=owner&district_id%5B%5D=3928
all-nagatinskii-zaton,https://msk.etagi.com/realty/?seller%5B%5D=owner&district_id%5B%5D=3929
all-nagornyi,https://msk.etagi.com/realty/?seller%5B%5D=owner&district_id%5B%5D=3931
all-nekrasovka,https://msk.etagi.com/realty/?seller%5B%5D=owner&district_id%5B%5D=3932
all-nizhegorodskii,https://msk.etagi.com/realty/?seller%5B%5D=owner&district_id%5B%5D=3933
all-novogireevo,https://msk.etagi.com/realty/?seller%5B%5D=owner&district_id%5B%5D=3935
all-novokosino,https://msk.etagi.com/realty/?seller%5B%5D=owner&district_id%5B%5D=3760
all-obruchevskii,https://msk.etagi.com/realty/?seller%5B%5D=owner&district_id%5B%5D=3964
all-ostankinskii,https://msk.etagi.com/realty/?seller%5B%5D=owner&district_id%5B%5D=3971
all-otradnoe,https://msk.etagi.com/realty/?seller%5B%5D=owner&district_id%5B%5D=3972
all-ochakovo-matveevskoe,https://msk.etagi.com/realty/?seller%5B%5D=owner&district_id%5B%5D=3973
all-perovo,https://msk.etagi.com/realty/?seller%5B%5D=owner&district_id%5B%5D=3940
all-pechatniki,https://msk.etagi.com/realty/?seller%5B%5D=owner&district_id%5B%5D=3974
all-pokrovskoe-streshnevo,https://msk.etagi.com/realty/?seller%5B%5D=owner&district_id%5B%5D=3975
all-preobrazhenskoe,https://msk.etagi.com/realty/?seller%5B%5D=owner&district_id%5B%5D=3947
all-presnenskii,https://msk.etagi.com/realty/?seller%5B%5D=owner&district_id%5B%5D=3976
all-ramenki,https://msk.etagi.com/realty/?seller%5B%5D=owner&district_id%5B%5D=3978
all-rostokino,https://msk.etagi.com/realty/?seller%5B%5D=owner&district_id%5B%5D=3979
all-ryazanskii,https://msk.etagi.com/realty/?seller%5B%5D=owner&district_id%5B%5D=3980
all-savelovskii,https://msk.etagi.com/realty/?seller%5B%5D=owner&district_id%5B%5D=3839
all-sviblovo,https://msk.etagi.com/realty/?seller%5B%5D=owner&district_id%5B%5D=3981
all-severnoe-tushino,https://msk.etagi.com/realty/?seller%5B%5D=owner&district_id%5B%5D=3942
all-severnyi,https://msk.etagi.com/realty/?seller%5B%5D=owner&district_id%5B%5D=3943
all-sokol,https://msk.etagi.com/realty/?seller%5B%5D=owner&district_id%5B%5D=3945
all-sokolniki,https://msk.etagi.com/realty/?seller%5B%5D=owner&district_id%5B%5D=3946
all-solntsevo,https://msk.etagi.com/realty/?seller%5B%5D=owner&district_id%5B%5D=3965
all-strogino,https://msk.etagi.com/realty/?seller%5B%5D=owner&district_id%5B%5D=3967
all-taganskii,https://msk.etagi.com/realty/?seller%5B%5D=owner&district_id%5B%5D=3968
all-tverskoi,https://msk.etagi.com/realty/?seller%5B%5D=owner&district_id%5B%5D=4038
all-tekstilshchiki,https://msk.etagi.com/realty/?seller%5B%5D=owner&district_id%5B%5D=4034
all-teplyi-stan,https://msk.etagi.com/realty/?seller%5B%5D=owner&district_id%5B%5D=3821
all-timiryazevskii,https://msk.etagi.com/realty/?seller%5B%5D=owner&district_id%5B%5D=3838
all-troparevo-nikulino,https://msk.etagi.com/realty/?seller%5B%5D=owner&district_id%5B%5D=4052
all-filevskii-park,https://msk.etagi.com/realty/?seller%5B%5D=owner&district_id%5B%5D=4053
all-fili-davydkovo,https://msk.etagi.com/realty/?seller%5B%5D=owner&district_id%5B%5D=4054
all-khamovniki,https://msk.etagi.com/realty/?seller%5B%5D=owner&district_id%5B%5D=4037
all-khovrino,https://msk.etagi.com/realty/?seller%5B%5D=owner&district_id%5B%5D=4040
all-khoroshevo-mnevniki,https://msk.etagi.com/realty/?seller%5B%5D=owner&district_id%5B%5D=4046
all-khoroshevskii,https://msk.etagi.com/realty/?seller%5B%5D=owner&district_id%5B%5D=4045
all-tsaritsyno,https://msk.etagi.com/realty/?seller%5B%5D=owner&district_id%5B%5D=4032
all-cheryomushki,https://msk.etagi.com/realty/?seller%5B%5D=owner&district_id%5B%5D=3815
all-chertanovo-sever,https://msk.etagi.com/realty/?seller%5B%5D=owner&district_id%5B%5D=4048
all-chertanovo-yug,https://msk.etagi.com/realty/?seller%5B%5D=owner&district_id%5B%5D=4051
all-chertanovo-centr,https://msk.etagi.com/realty/?seller%5B%5D=owner&district_id%5B%5D=4050
all-yuzhnoe-butovo,https://msk.etagi.com/realty/?seller%5B%5D=owner&district_id%5B%5D=4055
all-yuzhnoe-medvedkovo,https://msk.etagi.com/realty/?seller%5B%5D=owner&district_id%5B%5D=4041
all-yuzhnoe-tushino,https://msk.etagi.com/realty/?seller%5B%5D=owner&district_id%5B%5D=4039
all-yuzhnoportovyi,https://msk.etagi.com/realty/?seller%5B%5D=owner&district_id%5B%5D=4035
all-yakimanka,https://msk.etagi.com/realty/?seller%5B%5D=owner&district_id%5B%5D=4036
all-yaroslavskii,https://msk.etagi.com/realty/?seller%5B%5D=owner&district_id%5B%5D=3877
all-yasenevo,https://msk.etagi.com/realty/?seller%5B%5D=owner&district_id%5B%5D=3836
